Binder Name,Binder Type,Name,Set code,Set name,Collector number,Foil,Rarity,Quantity,ManaBox ID,Scryfall ID,Purchase price,Misprint,Altered,Condition,Language,Purchase price currency
Singles,binder,"Rocco, Cabaretti Caterer",SNC,Streets of New Capenna,218,normal,uncommon,1,67963,b6cf8b35-2a81-40fd-b383-becb81bef806,0.1,false,false,near_mint,en,EUR
Singles,binder,Loxodon Warhammer,ONC,Phyrexia: All Will Be One Commander,135,normal,rare,1,78626,728952a5-5f50-4ee6-a1ce-38d7e97023cb,0.23,false,false,near_mint,en,EUR
Singles,binder,Commander's Sphere,CMM,Commander Masters,377,normal,common,1,84472,6f432741-54b3-499e-9809-5a670433a297,0.24,false,false,near_mint,en,EUR
Singles,binder,Stuffy Doll,CLB,Commander Legends: Battle for Baldur's Gate,875,normal,rare,1,69601,978c2c7d-6898-4be2-aed7-e673210ce654,0.54,false,false,near_mint,en,EUR
Singles,binder,Endbringer,POGW,Oath of the Gatewatch Promos,3,foil,rare,1,9442,103cee09-5938-4a5b-bfd6-78f0e57826c8,0.31,false,false,near_mint,en,EUR
Singles,binder,Myr Battlesphere,MOC,March of the Machine Commander,366,normal,rare,1,81987,d8299d1e-84c1-4c02-a00d-6e7a662e1a7a,0.18,false,false,near_mint,en,EUR
Singles,binder,Ashnod's Altar,CMM,Commander Masters,368,normal,uncommon,1,84257,3c0f7157-a375-499c-92c7-d47d2e95dbad,4.2,false,false,near_mint,en,EUR
Singles,binder,Swiftfoot Boots,NCC,New Capenna Commander,382,normal,uncommon,1,68184,3cb171ef-42eb-466e-b425-e3c16301c0ca,1.12,false,false,near_mint,en,EUR
Singles,binder,Burnished Hart,CMM,Commander Masters,373,normal,uncommon,1,84723,a9a97d2d-a5b7-4424-a703-c43ed887c888,0.14,false,false,near_mint,en,EUR
Singles,binder,Arcane Signet,WOC,Wilds of Eldraine Commander,145,normal,common,1,85273,18c14a74-dbf6-4224-8bd0-22cf75295924,0.38,false,false,near_mint,en,EUR
Singles,binder,"Jor Kadeen, the Prevailer",ONC,Phyrexia: All Will Be One Commander,119,normal,rare,1,78802,b849e6a2-bb0b-48c9-8118-51d304275d59,0.18,false,false,near_mint,en,EUR
Singles,binder,Assemble the Legion,ONC,Phyrexia: All Will Be One Commander,115,normal,rare,1,78582,61eb1823-429d-4219-9fc3-62a35f58ae31,0.2,false,false,near_mint,en,EUR
Singles,binder,"Ash, Party Crasher",WOE,Wilds of Eldraine,201,normal,uncommon,1,85744,d51e6610-25b6-4d8e-92d7-c50a2ff844ff,0.07,false,false,near_mint,en,EUR
Singles,binder,Mizzix of the Izmagnus,CMM,Commander Masters,348,normal,rare,1,84556,82f949d0-41a0-4491-9057-bfb2bb20bdb3,0.26,false,false,near_mint,en,EUR
Singles,binder,"Johann, Apprentice Sorcerer",WOE,Wilds of Eldraine,207,normal,uncommon,1,85681,b88a762d-19ed-451d-a3a9-b3e7eea40f67,0.08,false,false,near_mint,en,EUR
Singles,binder,"Melek, Izzet Paragon",CMM,Commander Masters,345,normal,uncommon,1,84434,66011fe8-8c5d-4990-a324-5839515dcacb,0.14,false,false,near_mint,en,EUR
Singles,binder,"Kaho, Minamo Historian",CMM,Commander Masters,101,normal,uncommon,1,84517,7a5ad263-6b0d-4eaa-bc5a-16f5077206e1,0.21,false,false,near_mint,en,EUR
Singles,binder,Reality Shift,WOC,Wilds of Eldraine Commander,104,normal,uncommon,1,85856,fb3ee973-47a6-4143-88c3-a866931bf185,0.3,false,false,near_mint,en,EUR
Singles,binder,Commandeer,CMM,Commander Masters,80,normal,rare,1,84957,dca0a9a8-5ebc-43a3-8450-420ab6b7b76e,4.76,false,false,near_mint,en,EUR
Singles,binder,Tangled Colony,WOE,Wilds of Eldraine,113,normal,rare,1,85499,77111ce8-6469-4bf7-882a-4ded1e5d7cad,0.29,false,false,near_mint,en,EUR
Singles,binder,The End,WOE,Wilds of Eldraine,87,normal,rare,1,85662,b18402dc-c4ab-417c-92d1-5e4d9cfb840d,1.0,false,false,near_mint,en,EUR
Singles,binder,"Goddric, Cloaked Reveler",WOE,Wilds of Eldraine,132,normal,rare,1,85862,fe93ef82-51de-40ad-9b52-8f3fd11c144f,0.02,false,false,near_mint,en,EUR
Singles,binder,Star of Extinction,CMM,Commander Masters,259,normal,rare,1,84366,526d13cb-3616-4ac8-9ac0-04c729d447b2,0.33,false,false,near_mint,en,EUR
Singles,binder,Hordeling Outburst,ONC,Phyrexia: All Will Be One Commander,100,normal,uncommon,1,78847,c80c53a3-a2de-4e54-a50a-2eabb2ceb67c,0.15,false,false,near_mint,en,EUR
Singles,binder,Abrade,VOW,Innistrad: Crimson Vow,139,normal,common,1,64344,a0e47d11-cb21-402b-a39e-588a94cc57b4,0.12,false,false,near_mint,en,EUR
Singles,binder,Chandra's Spitfire,M11,Magic 2011,129,normal,uncommon,1,21260,84a460bb-276f-45f7-b0da-8457eb3192eb,0.2,false,false,near_mint,en,EUR
Singles,binder,Beamtown Beatstick,MOM,March of the Machine,131,normal,common,1,81026,2443cb94-b27e-4a96-93cb-ac7880149bcc,0.17,false,false,near_mint,en,EUR
Singles,binder,Tempered in Solitude,NEO,Kamigawa: Neon Dynasty,165,normal,uncommon,1,66340,2cfd0693-6dba-4c0d-8c42-859d7bf38c40,0.16,false,false,near_mint,en,EUR
Singles,binder,Goldwardens' Gambit,ONC,Phyrexia: All Will Be One Commander,13,normal,rare,1,78393,0cb7f413-f9b9-4b1c-898a-c49c571613f0,0.25,false,false,near_mint,en,EUR
Singles,binder,Dragonmaster Outcast,ONC,Phyrexia: All Will Be One Commander,98,normal,mythic,1,78559,58027a26-5beb-4fc1-8866-61dfa1093cc1,0.41,false,false,near_mint,en,EUR
Singles,binder,Rift Bolt,2X2,Double Masters 2022,122,normal,common,1,70208,4ccd0ada-92b2-48f3-b5ae-96346fc138b6,0.1,false,false,near_mint,en,EUR
Singles,binder,Crater's Claws,KTK,Khans of Tarkir,106,normal,rare,1,13292,95dde66b-b4a1-4a1e-8c9e-0bec4790b1e5,0.17,false,false,near_mint,en,EUR
Singles,binder,Quakebringer,KHM,Kaldheim,145,normal,mythic,1,57079,c5bbffb9-1f1c-40e5-97f4-29bf1fc68625,1.37,false,false,near_mint,en,EUR
Singles,binder,Defiler of Instinct,DMU,Dominaria United,119,normal,rare,1,71255,0e76e0cc-caff-4b15-b550-39e2324c8c95,0.65,false,false,near_mint,en,EUR
Singles,binder,"Plargg, Dean of Chaos // Augusta, Dean of Order",STX,Strixhaven: School of Mages,155,normal,rare,1,58113,5bd9b5cf-f018-48af-a081-995ce8ecc539,0.2,false,false,near_mint,en,EUR
Singles,binder,Balefire Dragon,CMM,Commander Masters,207,normal,mythic,1,84238,37def363-c431-43b4-8c5f-933941507681,12.62,false,false,near_mint,en,EUR
Singles,binder,Furious Rise,CMM,Commander Masters,225,normal,uncommon,1,84129,1f5da1ab-d720-4140-8121-89de760d020c,0.05,false,false,near_mint,en,EUR
Singles,binder,Lightning Strike,M19,Core Set 2019,152,normal,uncommon,1,1160,084b7337-c06f-4cbf-8fc0-0b20c221f1dc,0.05,false,false,near_mint,en,EUR
Singles,binder,Fanatic of Mogis,THS,Theros,121,normal,uncommon,1,15543,581eaadb-442b-40c9-b8f9-9e19d5eba824,0.24,false,false,near_mint,en,EUR
Singles,binder,Captain Ripley Vance,CMM,Commander Masters,209,normal,uncommon,1,84931,d640bc10-51ce-48e9-bceb-c3e69d7eae31,0.09,false,false,near_mint,en,EUR
Singles,binder,Elvish Mystic,CMM,Commander Masters,284,normal,common,2,84500,75918859-c93f-41b4-9ad0-a4a96c389f0d,0.3,false,false,near_mint,en,EUR
Singles,binder,From Beyond,BFZ,Battle for Zendikar,167,normal,rare,1,10184,f5559960-e306-4992-b607-9654327c4507,0.36,false,false,near_mint,en,EUR
Singles,binder,Termagant Swarm,40K,"Warhammer 40,000 Commander",99,normal,rare,1,72323,31079fcb-49bf-41a2-a9b4-07c96f93399d,0.35,false,false,near_mint,en,EUR
Singles,binder,Eiganjo Uprising,NEO,Kamigawa: Neon Dynasty,217,normal,rare,1,66519,35203138-5237-49aa-a335-7a32829548a1,0.14,false,false,near_mint,en,EUR
Singles,binder,Emeria Angel,MOC,March of the Machine Commander,183,normal,rare,1,81681,563bf277-5bb1-4df7-bebb-d6d7dbec1cf6,0.18,false,false,near_mint,en,EUR
Singles,binder,White Sun's Zenith,ONC,Phyrexia: All Will Be One Commander,90,normal,rare,1,78899,df11cf8d-ca63-4c3e-a567-b6a403a81aa7,0.21,false,false,near_mint,en,EUR
Singles,binder,Mace of the Valiant,CMM,Commander Masters,41,normal,uncommon,1,84581,88a08aff-3a50-4f2e-97a1-f1d79d5c4ade,0.11,false,false,near_mint,en,EUR
Singles,binder,Battle Screech,ONC,Phyrexia: All Will Be One Commander,59,normal,uncommon,1,78675,8577272c-d493-48c3-9a3e-5a6e896da71e,0.08,false,false,near_mint,en,EUR
Singles,binder,Cacophony Scamp,ONE,Phyrexia: All Will Be One,124,normal,uncommon,1,78489,3553dcef-7b99-49d5-b071-06b894696952,0.17,false,false,near_mint,en,EUR
Singles,binder,Sawblade Scamp,ONE,Phyrexia: All Will Be One,147,normal,common,1,78657,7f04c2e5-9100-439a-9aa4-28d388518e4a,0.08,false,false,near_mint,en,EUR
Singles,binder,Quarrel's End,LTR,The Lord of the Rings: Tales of Middle-earth,141,normal,common,1,83101,5a7e61a6-c602-4089-ae45-828d8e516a63,0.09,false,false,near_mint,en,EUR
Singles,binder,Witty Roastmaster,SNC,Streets of New Capenna,131,normal,common,1,67822,71d13f19-482b-4a2e-9692-b7d7caf2f9f5,0.18,false,false,near_mint,en,EUR
Singles,binder,Ral's Reinforcements,MOM,March of the Machine,158,normal,common,1,81387,74d0bb76-075c-49d7-9afb-e5bcf5b654f7,0.09,false,false,near_mint,en,EUR
Singles,binder,Unruly Catapult,WOE,Wilds of Eldraine,156,normal,common,1,85358,3dc275f8-f060-4c15-9b8f-63cf3857eaa7,0.07,false,false,near_mint,en,EUR
Singles,binder,Frantic Firebolt,WOE,Wilds of Eldraine,130,normal,common,1,85820,efd85f5a-258b-4ced-bf9e-3abe7fe72395,0.07,false,false,near_mint,en,EUR
Singles,binder,Grand Ball Guest,WOE,Wilds of Eldraine,134,normal,common,1,85751,d6e75228-16af-42b0-8441-ed253a660cc9,0.05,false,false,near_mint,en,EUR
Singles,binder,Cut In,WOE,Wilds of Eldraine,125,normal,common,1,85562,8ea4d40a-7657-4ff8-9fc2-915b99432275,0.03,false,false,near_mint,en,EUR
Singles,binder,Ratcatcher Trainee // Pest Problem,WOE,Wilds of Eldraine,144,normal,common,1,85517,7f4c0959-a107-4d61-9e51-256b2955f6ba,0.07,false,false,near_mint,en,EUR
Singles,binder,Witch's Mark,WOE,Wilds of Eldraine,158,normal,common,1,85235,0685afcb-06f6-4d18-b8c2-510764558dc1,0.08,false,false,near_mint,en,EUR
Singles,binder,Minecart Daredevil // Ride the Rails,WOE,Wilds of Eldraine,141,normal,common,1,85421,5b2a02f3-3921-4f40-9ffa-70bc08b052e1,0.04,false,false,near_mint,en,EUR
Singles,binder,Living Lightning,CMM,Commander Masters,239,normal,common,1,84308,457dc72b-e97a-4308-855f-a1aa528423e0,0.07,false,false,near_mint,en,EUR
Singles,binder,Edgewall Pack,WOE,Wilds of Eldraine,126,normal,common,1,85648,acda9d02-00fc-49e2-a9f3-176e9c0a8c5f,0.04,false,false,near_mint,en,EUR
Singles,binder,Ravaging Blaze,CMM,Commander Masters,250,normal,uncommon,1,84746,ae28c04c-d208-4949-a3ec-7d549f5740c3,0.07,false,false,near_mint,en,EUR
Singles,binder,Temur Battle Rage,CMM,Commander Masters,264,normal,common,1,84236,375bc646-942e-4bf5-9c71-2c5471828e35,0.09,false,false,near_mint,en,EUR
Singles,binder,Frontier Warmonger,CMM,Commander Masters,224,normal,uncommon,1,84245,39282507-8921-43e3-a836-f73ba6da5623,0.15,false,false,near_mint,en,EUR
Singles,binder,Dragon Fodder,CMM,Commander Masters,217,normal,common,1,84286,41f4777d-ea0e-408c-961e-eef7b3ffe51d,0.08,false,false,near_mint,en,EUR
Singles,binder,Gargadon,CMM,Commander Masters,226,normal,common,1,84010,079d5536-1b2e-4d5b-bae9-9fd14562087a,0.03,false,false,near_mint,en,EUR
Singles,binder,Crimson Fleet Commodore,CMM,Commander Masters,211,normal,common,1,85025,edf54657-5943-4a45-a296-dc91c41109d4,0.09,false,false,near_mint,en,EUR
Singles,binder,"Kazuul, Tyrant of the Cliffs",CMM,Commander Masters,237,normal,uncommon,1,84655,9a7c54ed-594d-40d7-a64a-a57db6d5ba16,0.11,false,false,near_mint,en,EUR
Singles,binder,Thermo-Alchemist,MID,Innistrad: Midnight Hunt,164,normal,uncommon,1,63402,b4c68bad-c7ee-4dbc-ad06-8c4d9446884e,0.15,false,false,near_mint,en,EUR
Singles,binder,Volcanic Spite,MOM,March of the Machine,170,normal,common,1,81377,69490262-afc2-4692-8fac-b771a972c8f8,0.18,false,false,near_mint,en,EUR
Singles,binder,Hangar Scrounger,MOM,March of the Machine,142,normal,common,1,81443,c2551b01-4d88-47f3-b54d-96ec03e093f8,0.08,false,false,near_mint,en,EUR
Singles,binder,Sawblade Scamp,ONE,Phyrexia: All Will Be One,292,normal,common,1,78609,6c3df8b6-3f31-4d1c-a165-40cb3f2e2233,0.05,false,false,near_mint,en,EUR
Singles,binder,Beluna's Gatekeeper // Entry Denied,WOE,Wilds of Eldraine,43,normal,common,1,85423,5c1d410e-4237-4963-b015-54d26730e63d,0.07,false,false,near_mint,en,EUR
Singles,binder,Looter il-Kor,CMM,Commander Masters,102,normal,common,1,84481,7083c77c-166f-4c6f-a2ca-dd1b877ff5f7,0.08,false,false,near_mint,en,EUR
Singles,binder,Windcaller Aven,CMM,Commander Masters,133,normal,common,1,84922,d4f1e538-9e68-4481-9bd6-3d37e20645f2,0.02,false,false,near_mint,en,EUR
Singles,binder,Resculpt,CMM,Commander Masters,115,normal,common,1,84394,592c7819-7e53-4793-bc4f-3dd489a25d63,0.17,false,false,near_mint,en,EUR
Singles,binder,Fall from Favor,CMM,Commander Masters,93,normal,common,1,84171,29679998-2fb4-4fb4-9048-27b6bf6b79e8,0.08,false,false,near_mint,en,EUR
Singles,binder,Shipwreck Dowser,CMM,Commander Masters,119,normal,common,1,84570,85ce24e4-78cf-4550-866e-108706e82b99,0.09,false,false,near_mint,en,EUR
Singles,binder,Rise from the Tides,CMM,Commander Masters,117,normal,uncommon,1,84930,d6378465-0f28-46b6-8464-ff57b77d50e8,0.08,false,false,near_mint,en,EUR
Singles,binder,Portal Mage,CMM,Commander Masters,112,normal,uncommon,1,85101,fe9924a6-2470-44b6-9f54-766996aef57f,0.15,false,false,near_mint,en,EUR
Singles,binder,Murmuring Mystic,CMM,Commander Masters,107,normal,common,1,84670,9f19337d-0824-442d-bb67-748a9980e816,0.23,false,false,near_mint,en,EUR
Singles,binder,Coveted Peacock,CMM,Commander Masters,82,normal,uncommon,1,84085,15935478-c2e1-4fb5-b6ba-0969ea5a0e81,0.04,false,false,near_mint,en,EUR
Singles,binder,Vizier of Tumbling Sands,CMM,Commander Masters,131,normal,common,1,84724,a9aef509-50f0-4848-87d5-3c169453186f,0.1,false,false,near_mint,en,EUR
Singles,binder,Deep Analysis,CMM,Commander Masters,86,normal,common,1,83981,01479ce7-4617-4c7c-93f2-cf8c9c5e1dac,0.16,false,false,near_mint,en,EUR
Singles,binder,Tuskguard Captain,CMM,Commander Masters,328,normal,common,1,84814,be1165a2-e697-4ceb-91ba-693a3a006f27,0.06,false,false,near_mint,en,EUR
Singles,binder,Kozilek's Predator,CMM,Commander Masters,301,normal,common,1,85079,fa828bc7-0f5a-45de-9608-da42dda8f3f9,0.05,false,false,near_mint,en,EUR
Singles,binder,Abundant Harvest,CMM,Commander Masters,269,normal,common,1,84357,516e137a-d9d9-4ba7-89fb-e680ddb2c2d1,0.06,false,false,near_mint,en,EUR
Singles,binder,Fierce Empath,CMM,Commander Masters,288,normal,common,1,84776,b4a8684b-5164-4313-ab3e-4c5b4f52bc7e,0.09,false,false,near_mint,en,EUR
Singles,binder,"Shanna, Sisay's Legacy",MUL,Multiverse Legends,59,normal,uncommon,1,81625,40c00370-0160-48a9-87ac-07a3b2bbd459,0.08,false,false,near_mint,en,EUR
Singles,binder,Stone of Erech,LTR,The Lord of the Rings: Tales of Middle-earth,251,normal,uncommon,1,83452,bc02e193-df33-4eb1-adc1-b51ee931218a,0.25,false,false,near_mint,en,EUR
Singles,binder,Soul-Guide Lantern,WOE,Wilds of Eldraine,251,normal,uncommon,1,85264,13571173-29e7-4915-af5f-05f13b463061,0.08,false,false,near_mint,en,EUR
Singles,binder,The Prismatic Piper,CMM,Commander Masters,1,normal,special,1,84857,c78c2713-39e7-4a6e-a132-027099a89665,0.02,false,false,near_mint,en,EUR
Singles,binder,Stingblade Assassin,WOE,Wilds of Eldraine,109,normal,common,1,85674,b71b7dd9-6a1d-4c71-873b-782a0a2e7d1d,0.09,false,false,near_mint,en,EUR
Singles,binder,Infectious Inquiry,ONE,Phyrexia: All Will Be One,97,normal,common,1,78386,0a10f284-b043-4307-bdc7-6dad47cc9221,0.11,false,false,near_mint,en,EUR
Singles,binder,Nimraiser Paladin,ONE,Phyrexia: All Will Be One,101,normal,uncommon,1,78763,a99fe9a8-d9e7-4286-81a1-adfb753e4741,0.12,false,false,near_mint,en,EUR
Singles,binder,Warehouse Tabby,WOE,Wilds of Eldraine,117,normal,common,1,85743,d500ad81-9659-4a00-8f99-8be7c23587e8,0.05,false,false,near_mint,en,EUR
Singles,binder,High Fae Negotiator,WOE,Wilds of Eldraine,94,normal,uncommon,1,85823,f0fc77e7-154d-4433-93b3-1a1dee34791b,0.05,false,false,near_mint,en,EUR
Singles,binder,Sugar Rush,WOE,Wilds of Eldraine,110,normal,common,1,85626,a638c9ba-45d6-4b50-a8ab-ef580a0a5d8e,0.05,false,false,near_mint,en,EUR
Singles,binder,Lord Skitter's Butcher,WOE,Wilds of Eldraine,99,normal,uncommon,1,85295,21b31d2b-ef66-4e16-a75e-4e27eb5ebfe9,0.09,false,false,near_mint,en,EUR
Singles,binder,Candy Grapple,WOE,Wilds of Eldraine,83,normal,common,1,85276,190d97bc-dbef-496d-9bd1-b785bdf8a964,0.08,false,false,near_mint,en,EUR
Singles,binder,Dread Return,CMM,Commander Masters,153,normal,common,1,84222,34a87901-98bb-41dd-b566-bcb510c20022,0.11,false,false,near_mint,en,EUR
Singles,binder,Mountain,ONE,Phyrexia: All Will Be One,265,normal,common,1,78232,6d9e44c1-7b51-47cb-b564-608deb46cc44,0.11,false,false,near_mint,en,EUR
Singles,binder,Harried Spearguard,WOE,Wilds of Eldraine,135,normal,common,2,85288,1db79785-4f55-445f-93f2-14c6e4606fc5,0.06,false,false,near_mint,en,EUR
Singles,binder,Not Dead After All,WOE,Wilds of Eldraine,101,normal,common,2,85736,d01a2b68-efe6-4027-846d-db7b19d9eef6,1.05,false,false,near_mint,en,EUR
Singles,binder,Gnawing Crescendo,WOE,Wilds of Eldraine,131,normal,common,2,85301,254fc64a-9734-44a6-8869-ab03512f1a99,0.07,false,false,near_mint,en,EUR
Singles,binder,Spikeshot Goblin,CMM,Commander Masters,256,normal,common,2,84749,ae922301-181d-4824-802d-e3ba1714cade,0.05,false,false,near_mint,en,EUR
Singles,binder,Grabby Giant // That's Mine,WOE,Wilds of Eldraine,133,normal,common,2,85852,fab7646a-61e8-446b-9dba-ac6e0db82f10,0.07,false,false,near_mint,en,EUR
Singles,binder,Guttersnipe,CMM,Commander Masters,229,normal,common,2,84695,a4276d10-d163-4068-a6db-5bb0a1ac88e3,0.15,false,false,near_mint,en,EUR
Singles,binder,Cryptic Serpent,CMM,Commander Masters,83,normal,common,2,84540,7f1af32a-dba2-4c2f-b0ee-9c83849fda53,0.23,false,false,near_mint,en,EUR
Singles,binder,Skewer Slinger,WOE,Wilds of Eldraine,149,normal,common,3,85799,e78e50ca-d27b-45db-91fa-7fef3cad16d0,0.06,false,false,near_mint,en,EUR
Singles,binder,Beanstalk Giant // Fertile Footsteps,CMM,Commander Masters,275,normal,uncommon,2,84974,dfd6b4bc-70da-4d93-bdf7-78ba176a764f,0.09,false,false,near_mint,en,EUR
Singles,binder,"Tatyova, Benthic Druid",CMM,Commander Masters,687,normal,uncommon,1,84280,402f8d9d-422a-43c8-903e-9b3e87142bb3,0.45,false,false,near_mint,en,EUR
Singles,binder,Lembas,LTR,The Lord of the Rings: Tales of Middle-earth,243,normal,common,1,83004,3b46aacf-b31a-4380-9e4b-82795fbaba3b,0.37,false,false,near_mint,en,EUR
Singles,binder,Brandywine Farmer,LTR,The Lord of the Rings: Tales of Middle-earth,155,normal,common,1,82904,1c24b5fa-506d-4eaf-881b-bc282c74a16c,0.06,false,false,near_mint,en,EUR
Singles,binder,Many Partings,LTR,The Lord of the Rings: Tales of Middle-earth,176,normal,common,1,83528,d179dbbe-9c79-4dbc-955a-5209a3e2745a,0.11,false,false,near_mint,en,EUR
Singles,binder,Solitary Sanctuary,WOE,Wilds of Eldraine,30,normal,uncommon,1,85738,d155693c-def0-4290-b662-ab9932e07fe5,0.15,false,false,near_mint,en,EUR
Singles,binder,Night of the Sweets' Revenge,WOE,Wilds of Eldraine,178,normal,uncommon,1,85310,27f53bed-7075-4303-aa9e-fcca0a266e19,0.17,false,false,near_mint,en,EUR
Singles,binder,Kindled Heroism,WOE,Wilds of Eldraine,138,normal,common,1,85297,22a6d05e-e566-4a85-bcf8-9d0fbea3dd14,0.03,false,false,near_mint,en,EUR
Singles,binder,Flick a Coin,WOE,Wilds of Eldraine,128,normal,common,1,85461,673a67b2-fbb0-4be4-9edd-93946a583f23,0.12,false,false,near_mint,en,EUR
Singles,binder,Stockpiling Celebrant,WOE,Wilds of Eldraine,32,normal,common,1,85225,0214ebc6-c59f-4170-8dd2-ce07caa6e6ad,0.05,false,false,near_mint,en,EUR
Singles,binder,Mountain,WOE,Wilds of Eldraine,273,normal,common,1,85548,8996cd43-5ecd-4a05-a5a9-e49326befaa1,0.08,false,false,near_mint,en,EUR
Singles,binder,Tenacious Tomeseeker,WOE,Wilds of Eldraine,74,normal,uncommon,1,85710,c40be735-0780-459b-8dd2-a298575beaab,0.08,false,false,near_mint,en,EUR
Singles,binder,Vantress Transmuter // Croaking Curse,WOE,Wilds of Eldraine,75,normal,common,1,85261,11507fa1-ef9e-41c9-b987-be57a03bd0df,0.07,false,false,near_mint,en,EUR
Singles,binder,The Princess Takes Flight,WOE,Wilds of Eldraine,23,normal,uncommon,1,85762,dad7bd06-22e4-40f8-bda9-bcdbb2d8f632,0.12,false,false,near_mint,en,EUR
Singles,binder,Bestial Bloodline,WOE,Wilds of Eldraine,162,normal,common,1,85402,55b9b8e5-1ed8-4be0-aad5-041a599c6841,0.07,false,false,near_mint,en,EUR
Singles,binder,Ferocious Werefox // Guard Change,WOE,Wilds of Eldraine,170,normal,common,1,85646,ac1907e8-0713-47dd-ac42-bf1323c5bec0,0.08,false,false,near_mint,en,EUR
Singles,binder,Scream Puff,WOE,Wilds of Eldraine,105,normal,common,1,85712,c62d0ae9-5a82-40bf-b8bb-9c2e2d55d458,0.09,false,false,near_mint,en,EUR
Singles,binder,Barrow Naughty,WOE,Wilds of Eldraine,81,normal,common,1,85464,67da5ad8-4de2-4bd4-8b95-f2657e1fdee5,0.1,false,false,near_mint,en,EUR
Singles,binder,Torch the Tower,WOE,Wilds of Eldraine,153,normal,common,1,85665,b3d6027c-813f-46df-95b4-e2e305a67620,0.14,false,false,near_mint,en,EUR
Singles,binder,Eriette's Tempting Apple,WOE,Wilds of Eldraine,245,normal,uncommon,1,85422,5b61711f-8982-4ff0-86ba-01e0125cd705,0.14,false,false,near_mint,en,EUR
Singles,binder,Three Bowls of Porridge,WOE,Wilds of Eldraine,253,normal,uncommon,1,85624,a508e040-d1e5-46aa-8404-1adc18f0f8bd,0.06,false,false,near_mint,en,EUR
Singles,binder,Scarecrow Guide,WOE,Wilds of Eldraine,250,normal,common,1,85357,3dc08461-bec6-4a18-b782-da4c92abb789,0.06,false,false,near_mint,en,EUR
Singles,binder,Imodane's Recruiter // Train Troops,WOE,Wilds of Eldraine,229,normal,uncommon,1,85387,4dbaa855-3f8e-42e6-8ec8-5ffbc5c8acf0,0.1,false,false,near_mint,en,EUR
Singles,binder,Diminisher Witch,WOE,Wilds of Eldraine,46,normal,common,1,85453,646d604f-b187-4122-bd4b-67634654b6f1,0.04,false,false,near_mint,en,EUR
Singles,binder,Merry Bards,WOE,Wilds of Eldraine,140,normal,common,1,85658,b0058b9b-e919-45eb-9da0-690f62aa252e,0.03,false,false,near_mint,en,EUR
Singles,binder,Stroke of Midnight,WOE,Wilds of Eldraine,33,normal,uncommon,1,85311,289ba7ec-e30e-436f-b8d4-c88b65ecd137,0.9,false,false,near_mint,en,EUR
Singles,binder,Phyrexian Unlife,WOT,Wilds of Eldraine: Enchanting Tales,11,normal,rare,1,85858,fdbbcb80-bd9f-4b45-af55-c1264e73d602,0.28,false,false,near_mint,en,EUR
Singles,binder,Protective Parents,WOE,Wilds of Eldraine,24,normal,common,1,85467,68cc9653-80ef-4606-a0ec-6d4228fdb118,0.02,false,false,near_mint,en,EUR
Singles,binder,Thunderous Debut,WOE,Wilds of Eldraine,190,normal,rare,1,85759,d98f51ec-8eae-434a-ab62-85bdb6586fa2,0.17,false,false,near_mint,en,EUR
Singles,binder,Toadstool Admirer,WOE,Wilds of Eldraine,192,normal,common,1,85821,f0a6349a-beff-4abd-b005-86d27c1e2957,0.11,false,false,near_mint,en,EUR
Singles,binder,Twisted Sewer-Witch,WOE,Wilds of Eldraine,114,normal,uncommon,1,85750,d6e3ddf7-582d-4923-be30-8428e52237e4,0.09,false,false,near_mint,en,EUR
Singles,binder,Shatter the Oath,WOE,Wilds of Eldraine,106,normal,common,1,85726,cc79f0f7-0a09-4a74-b2b9-cc1ce608d89f,0.07,false,false,near_mint,en,EUR
Singles,binder,Asinine Antics,WOE,Wilds of Eldraine,42,normal,mythic,1,85394,50b96a97-0d7d-4e05-9e2f-0b99a039b655,1.72,false,false,near_mint,en,EUR
Singles,binder,Horses of the Bruinen,LTR,The Lord of the Rings: Tales of Middle-earth,55,normal,uncommon,1,83659,f7725dc2-2654-4ffb-b6b3-510ae64ec6af,0.07,false,false,near_mint,en,EUR
Singles,binder,Ent-Draught Basin,LTR,The Lord of the Rings: Tales of Middle-earth,238,normal,uncommon,1,82875,1500126f-fbe4-4c39-bb06-1a36e2c4682f,0.05,false,false,near_mint,en,EUR
Singles,binder,Entish Restoration,LTR,The Lord of the Rings: Tales of Middle-earth,163,normal,uncommon,1,83513,cd4dbf80-187b-40e3-9e0b-526f78d9a34e,0.5,false,false,near_mint,en,EUR
Singles,binder,Food,TWOE,Wilds of Eldraine Tokens,13,normal,common,1,85212,f67727b7-819c-4e96-aa8e-1e01ecaf9f33,0.09,false,false,near_mint,en,EUR
Singles,binder,Food,TWOE,Wilds of Eldraine Tokens,12,normal,common,1,85201,29a40362-be01-4a16-9c98-0761fffb2560,0.09,false,false,near_mint,en,EUR
Singles,binder,Welcome to Sweettooth,WOE,Wilds of Eldraine,198,normal,uncommon,1,85560,8e629a31-2e06-4f95-9628-34670dcf68b9,0.09,false,false,near_mint,en,EUR
Singles,binder,Troublemaker Ouphe,WOE,Wilds of Eldraine,194,normal,common,1,85518,7f7b2fc0-d3f6-4c4d-a163-986a372e5b12,0.2,false,false,near_mint,en,EUR
Singles,binder,Tough Cookie,WOE,Wilds of Eldraine,193,normal,uncommon,1,85513,7aa37f85-5336-4372-97a2-9c8b00798c7a,0.12,false,false,near_mint,en,EUR
Singles,binder,Gingerbread Hunter // Puny Snack,WOE,Wilds of Eldraine,227,normal,uncommon,1,85798,e77a8fd4-af5f-42b3-a87e-788baf2562dd,0.06,false,false,near_mint,en,EUR
Singles,binder,Hollow Scavenger // Bakery Raid,WOE,Wilds of Eldraine,174,normal,common,1,85244,0ad345b6-7077-4dd2-b515-c774a3185fe4,0.09,false,false,near_mint,en,EUR
Singles,binder,"Greta, Sweettooth Scourge",WOE,Wilds of Eldraine,205,normal,uncommon,1,85321,2cfd365e-34d1-4224-b925-119000311934,0.1,false,false,near_mint,en,EUR
Singles,binder,Restless Cottage,WOE,Wilds of Eldraine,304,normal,rare,1,85255,0dcb97ff-9356-4be7-8991-091f950c0b63,1.43,false,false,near_mint,en,EUR
Singles,binder,Provisions Merchant,WOE,Wilds of Eldraine,321,normal,uncommon,1,85610,a015282d-bcd4-44ab-ae26-41e4e3b23fc0,0.15,false,false,near_mint,en,EUR
Singles,binder,Pollen-Shield Hare // Hare Raising,WOE,Wilds of Eldraine,233,normal,rare,1,85265,139f31f5-28f0-4e90-abdf-3f6ed0992dea,0.22,false,false,near_mint,en,EUR
Singles,binder,Beastcaller Savant,BFZ,Battle for Zendikar,170,normal,rare,1,10181,cca9f5da-986c-43ab-a2ec-efb8b098c17c,0.32,false,false,near_mint,en,EUR
Singles,binder,Ilysian Caryatid,CMM,Commander Masters,297,normal,common,1,84267,3db65137-c9d6-4352-b7a0-f3968b167233,0.12,false,false,near_mint,en,EUR
Singles,binder,"Horobi, Death's Wail",MUL,Multiverse Legends,14,normal,rare,1,81029,25f16054-64fc-436f-b926-4abcfedf42b3,0.16,false,false,near_mint,en,EUR
Singles,binder,Radagast the Brown,LTR,The Lord of the Rings: Tales of Middle-earth,184,normal,mythic,1,83409,b3988120-ebbe-4d24-9bb4-8c5331a14034,1.59,false,false,near_mint,en,EUR
Singles,binder,Meriadoc Brandybuck,LTR,The Lord of the Rings: Tales of Middle-earth,314,normal,uncommon,1,83680,ff7cea33-4d46-450a-a54e-b8d70910eee8,0.07,false,false,near_mint,en,EUR
Singles,binder,The Shire,LTR,The Lord of the Rings: Tales of Middle-earth,260,normal,rare,1,83539,d5178a1b-588b-4414-a370-ac6eed51187a,1.12,false,false,near_mint,en,EUR
Singles,binder,"Syr Ginger, the Meal Ender",WOE,Wilds of Eldraine,252,normal,rare,1,85519,7fbdba12-1369-41ae-b0e9-c405c0f0a2e5,1.31,false,false,near_mint,en,EUR
Singles,binder,Gingerbrute,WOE,Wilds of Eldraine,246,normal,common,1,85242,09a4578a-7dc6-4da3-93ee-913b10be5740,0.14,false,false,near_mint,en,EUR
Singles,binder,Reclamation Sage,KHC,Kaldheim Commander,72,normal,uncommon,1,57194,1c4a25f0-2929-4404-9ce5-bcd4715f90a5,0.2,false,false,near_mint,en,EUR
Singles,binder,Yavimaya Elder,MIC,Midnight Hunt Commander,147,normal,common,1,63563,1612bf83-c800-41de-ab06-fb1732d5b5a6,0.1,false,false,near_mint,en,EUR
Singles,binder,Primordial Sage,CMA,Commander Anthology,138,normal,rare,1,5148,3ede6241-5884-433e-b914-7e7e1f92687c,0.68,false,false,near_mint,en,EUR
Singles,binder,Voracious Fell Beast,LTR,The Lord of the Rings: Tales of Middle-earth,113,normal,uncommon,1,83554,d9b7d7f8-503d-4660-9a18-6a8e2fcaa25f,0.09,false,false,near_mint,en,EUR
Singles,binder,Imp's Mischief,CMM,Commander Masters,167,normal,rare,1,84053,0eb0e8e7-266f-441e-b1cd-12b8ec3f7d71,4.02,false,false,near_mint,en,EUR
Singles,binder,Food,TWOE,Wilds of Eldraine Tokens,11,normal,common,2,85198,0eaec411-0590-4662-ac88-11bb0008d69c,0.08,false,false,near_mint,en,EUR
Singles,binder,Revive the Shire,LTR,The Lord of the Rings: Tales of Middle-earth,185,normal,common,2,83045,46b7f493-1b57-4b07-8510-30703282f879,0.11,false,false,near_mint,en,EUR
Singles,binder,Wicked // Cursed,TWOE,Wilds of Eldraine Tokens,17,normal,common,2,85207,a9b7040e-cd24-42cc-b043-9af8c557da6a,0.15,false,false,near_mint,en,EUR
Singles,binder,Food,TLTR,Tales of Middle-earth Tokens,10,normal,common,2,83466,bfcff41e-b6ff-4ddd-bcb6-8943f7d88aef,0.12,false,false,near_mint,en,EUR
Singles,binder,Meriadoc Brandybuck,LTR,The Lord of the Rings: Tales of Middle-earth,177,normal,uncommon,1,83266,885a3277-ef10-4dcf-ac63-eb8971cd627c,0.07,false,false,near_mint,en,EUR
Singles,binder,Sol Ring,WOC,Wilds of Eldraine Commander,149,normal,uncommon,1,85271,16fbbd8d-bb18-4a8b-95a4-30ad6d548f72,1.13,false,false,near_mint,en,EUR
Singles,binder,"Vivien, Champion of the Wilds",CLB,Commander Legends: Battle for Baldur's Gate,838,normal,rare,1,69685,e11dc967-ae38-4c19-bf54-b3209e203b39,0.54,false,false,near_mint,en,EUR
Singles,binder,Primal Empathy,NCC,New Capenna Commander,348,normal,uncommon,1,68365,b8099a93-c59d-40a9-96e2-f3dd2a6dd8b8,0.09,false,false,near_mint,en,EUR
Singles,binder,Hierophant Bio-Titan,40K,"Warhammer 40,000 Commander",92,normal,rare,1,72511,be8a8e26-39cb-440a-a428-58b49ff8d017,0.34,false,false,near_mint,en,EUR
Singles,binder,Warstorm Surge,CLB,Commander Legends: Battle for Baldur's Gate,815,normal,rare,1,69674,dbe1bfe0-0be7-496d-94db-e8028d4d9493,0.29,false,false,near_mint,en,EUR
Singles,binder,Fabricate,40K,"Warhammer 40,000 Commander",181,foil,rare,1,72331,3a45e3c3-6825-4cfa-88e0-e390cc06a747,1.55,false,false,near_mint,en,EUR
Singles,binder,Altar of Dementia,MH1,Modern Horizons,218,normal,rare,1,44716,169356e0-46dc-4096-8e66-36726454f104,4.42,false,false,near_mint,en,EUR
Singles,binder,Sword of the Animist,CMM,Commander Masters,413,normal,rare,1,84430,64401acc-d080-4763-b67a-95164c11c69e,5.13,false,false,near_mint,en,EUR
Singles,binder,Temple of Epiphany,40K,"Warhammer 40,000 Commander",298,normal,rare,1,72386,5faecebe-1688-40e9-89a4-1a523a8bd8d6,0.29,false,false,near_mint,en,EUR
Singles,binder,Simian Simulacrum,BRO,The Brothers' War,205,normal,rare,1,75772,c85e2a35-cb55-434c-bbd7-54c3438345c1,0.21,false,false,near_mint,en,EUR
Singles,binder,Tyranid Harridan,40K,"Warhammer 40,000 Commander",144,normal,rare,1,72544,dff00a51-977e-43ba-a4bf-b251e62f1100,0.2,false,false,near_mint,en,EUR
Singles,binder,Lifecrafter's Bestiary,NCC,New Capenna Commander,370,normal,rare,1,68204,457d1102-9ba7-47d1-bced-cc8a28e38ad9,0.82,false,false,near_mint,en,EUR
Singles,binder,Nexos,40K,"Warhammer 40,000 Commander",95,normal,rare,1,72421,73ca0549-5775-4778-bd47-f5f234a71201,0.57,false,false,near_mint,en,EUR
Singles,binder,Hormagaunt Horde,40K,"Warhammer 40,000 Commander",93,normal,rare,1,72408,6a623ab2-4cdf-4e2e-a14d-6a709cf34cf1,0.17,false,false,near_mint,en,EUR
Singles,binder,Meteor Golem,CMM,Commander Masters,399,normal,uncommon,1,84891,cd7af704-a770-4f90-8fe8-a45457785a35,0.12,false,false,near_mint,en,EUR
Singles,binder,"Gwenna, Eyes of Gaea",BRO,The Brothers' War,185,normal,rare,1,75581,7ee387b7-18e4-41b7-aefe-f2b5954e3051,2.19,false,false,near_mint,en,EUR
Singles,binder,Surrak Dragonclaw,DMC,Dominaria United Commander,169,normal,mythic,1,71827,e8efe72d-3c01-4dd6-b3dd-0382ac09dc52,1.02,false,false,near_mint,en,EUR
Singles,binder,Garruk's Uprising,NCC,New Capenna Commander,292,normal,uncommon,1,68320,98795a31-7b54-4ad1-ac87-3f58e71dbeb7,1.98,false,false,near_mint,en,EUR
Singles,binder,Iron Apprentice,NEO,Kamigawa: Neon Dynasty,248,normal,common,1,66852,13d6d9fc-509b-42db-8ac1-85066eb6e9c4,0.1,false,false,near_mint,en,EUR
Singles,binder,Doomskar Warrior,MOM,March of the Machine,185,normal,rare,1,81191,aa1db4e3-e98c-49af-8682-3b7aa20bc31e,0.2,false,false,near_mint,en,EUR
Singles,binder,Crash of Rhino Beetles,CMM,Commander Masters,279,normal,common,1,85000,e7b17222-db06-41cc-a4d2-aae625cb1929,0.13,false,false,near_mint,en,EUR
Singles,binder,Snakeskin Veil,STA,Strixhaven Mystical Archive,57,normal,uncommon,1,58341,d9849b22-1fba-4f6a-bd94-df1bc1764e6b,0.19,false,false,near_mint,en,EUR
Singles,binder,Stubborn Denial,KTK,Khans of Tarkir,56,normal,uncommon,1,13342,6f8626c4-306f-4e9d-8840-2bb73fe87e87,1.6,false,false,near_mint,en,EUR
Singles,binder,Gaea's Gift,BRO,The Brothers' War,182,normal,common,1,75459,5503186a-46fe-4956-8ae3-5ab3343f8a93,0.23,false,false,near_mint,en,EUR
Singles,binder,Forced Adaptation,GTC,Gatecrash,120,normal,common,1,16704,a6527d61-e9d3-44d0-833e-19c072309270,0.14,false,false,near_mint,en,EUR
Singles,binder,Tyvar's Stand,ONE,Phyrexia: All Will Be One,190,normal,uncommon,1,78843,c7b362a5-382a-4016-b4f2-aa7b683354c4,1.03,false,false,near_mint,en,EUR
Singles,binder,Grinning Ignus,STX,Strixhaven: School of Mages,104,normal,uncommon,1,58325,cfa04897-6438-45e5-a10b-2e8afaf2b9eb,0.1,false,false,near_mint,en,EUR
Singles,binder,Tyranid Prime,40K,"Warhammer 40,000 Commander",145,normal,rare,1,72414,6f6546f2-0db3-4969-b7d9-2e2138997155,0.64,false,false,near_mint,en,EUR
Singles,binder,"Zopandrel, Hunger Dominus",ONE,Phyrexia: All Will Be One,195,normal,mythic,1,78976,fb419d9d-e06f-48c8-a4f8-a57f9be39e50,3.87,false,false,near_mint,en,EUR